Bloco,Tratamento,Alturas Anotadas (cm),Peso Matéria Total - Peso MT (kg),Peso Amostra Detalhada (kg),Peso do Caule - C (kg),Peso da Folha/Raiz - F/P (kg)
Bl 1,T1,"50, 48, 45, 48, 39","1,08","0,124","0,062","0,062"
Bl 1,T2,"47, 45, 64, 56, 60","1,78","0,126","0,074","0,052"
Bl 1,T3,"69, 52, 57, 46, 41","1,63","0,302","0,142","0,16"
Bl 1,T4,"66, 66, 69, 64, 64","1,89","0,264","0,118","0,144"
,,,,,,
Bl 2,T1,"42, 43, 39, 46, 44","0,96","0,194","0,09","0,104"
Bl 2,T2,"44, 47, 43, 41, 42","1,33","0,21","0,11","0,1"
Bl 2,T3,"55, 59, 68, 56, 58","1,49","0,274","0,142","0,132"
Bl 2,T4,"57, 63, 64, 52, 62","1,13","0,252","0,088","0,164"
,,,,,,
Bl 3,T1,"47, 48, 46, 49, 51","1,05","0,202","0,086","0,116"
Bl 3,T2,"51, 54, 50, 54, 49","1,405","0,202","0,074","0,128"
Bl 3,T3,"45, 55, 51, 59, 55","1,545","0,23","0,104","0,126"
Bl 3,T4,"55, 53, 52, 54, 50","1,37","0,188","0,084","0,104"