Bloco,Tratamento,Componente,Massa_Verde,Massa_Seca
Bloco 1,T1,Colmo,0.062,0.028
Bloco 1,T1,Folha,0.062,0.022
Bloco 1,T1,Amostra,0.124,0.05
Bloco 1,T2,Colmo,0.074,0.018
Bloco 1,T2,Folha,0.052,0.024
Bloco 1,T2,Amostra,0.126,0.042
Bloco 1,T3,Colmo,0.142,0.046
Bloco 1,T3,Folha,0.16,0.052
Bloco 1,T3,Amostra,0.302,0.098
Bloco 1,T4,Colmo,0.118,0.036
Bloco 1,T4,Folha,0.144,0.05
Bloco 1,T4,Amostra,0.264,0.086
Bloco 2,T1,Colmo,0.09,0.036
Bloco 2,T1,Folha,0.104,0.038
Bloco 2,T1,Amostra,0.194,0.074
Bloco 2,T2,Colmo,0.11,0.034
Bloco 2,T2,Folha,0.1,0.036
Bloco 2,T2,Amostra,0.21,0.07
Bloco 2,T3,Colmo,0.142,0.046
Bloco 2,T3,Folha,0.132,0.048
Bloco 2,T3,Amostra,0.274,0.094
Bloco 2,T4,Colmo,0.088,0.034
Bloco 2,T4,Folha,0.164,0.06
Bloco 2,T4,Amostra,0.252,0.094
Bloco 3,T1,Colmo,0.086,0.028
Bloco 3,T1,Folha,0.116,0.04
Bloco 3,T1,Amostra,0.202,0.068
Bloco 3,T2,Colmo,0.074,0.034
Bloco 3,T2,Folha,0.128,0.042
Bloco 3,T2,Amostra,0.202,0.076
Bloco 3,T3,Colmo,0.104,0.036
Bloco 3,T3,Folha,0.126,0.046
Bloco 3,T3,Amostra,0.23,0.082
Bloco 3,T4,Colmo,0.084,0.032
Bloco 3,T4,Folha,0.104,0.042
Bloco 3,T4,Amostra,0.188,0.074
